PROT,GENO,WT,POS,AA,DRUG
NS3,1A,V,36,A,
NS3,1A,V,36,G,
NS3,1A,V,36,L,
NS3,1A,V,36,M,
NS3,1A,V,36,I,
NS3,1A,T,54,A,
NS3,1A,T,54,C,
NS3,1A,T,54,G,
NS3,1A,T,54,S,
NS3,1A,V,55,A,
NS3,1A,V,55,I,
NS3,1A,Y,56,H,
NS3,1A,Q,80,K,
NS3,1A,Q,80,R,
NS3,1A,V,107,I,
NS3,1A,S,122,A,
NS3,1A,S,122,G,
NS3,1A,S,122,R,
NS3,1A,I,132,V,
NS3,1A,R,155,A,
NS3,1A,R,155,C,
NS3,1A,R,155,D,
NS3,1A,R,155,E,
NS3,1A,R,155,F,
NS3,1A,R,155,G,
NS3,1A,R,155,H,
NS3,1A,R,155,I,
NS3,1A,R,155,K,
NS3,1A,R,155,L,
NS3,1A,R,155,M,
NS3,1A,R,155,N,
NS3,1A,R,155,P,
NS3,1A,R,155,Q,
NS3,1A,R,155,S,
NS3,1A,R,155,T,
NS3,1A,R,155,V,
NS3,1A,R,155,W,
NS3,1A,R,155,Y,
NS3,1A,A,156,S,
NS3,1A,A,156,T,
NS3,1A,A,156,V,
NS3,1A,A,156,F,
NS3,1A,A,156,G,
NS3,1A,V,158,I,
NS3,1A,D,168,A,
NS3,1A,D,168,C,
NS3,1A,D,168,E,
NS3,1A,D,168,F,
NS3,1A,D,168,G,
NS3,1A,D,168,H,
NS3,1A,D,168,I,
NS3,1A,D,168,K,
NS3,1A,D,168,L,
NS3,1A,D,168,M,
NS3,1A,D,168,N,
NS3,1A,D,168,P,
NS3,1A,D,168,Q,
NS3,1A,D,168,R,
NS3,1A,D,168,S,
NS3,1A,D,168,T,
NS3,1A,D,168,V,
NS3,1A,D,168,W,
NS3,1A,D,168,Y,
NS3,1A,I,170,A,
NS3,1A,I,170,F,
NS3,1A,I,170,T,
NS3,1A,I,170,V,
NS3,1A,M,175,L,
NS3,1B,V,36,A,
NS3,1B,V,36,G,
NS3,1B,V,36,L,
NS3,1B,V,36,M,
NS3,1B,V,36,I,
NS3,1B,T,54,A,
NS3,1B,T,54,C,
NS3,1B,T,54,G,
NS3,1B,T,54,S,
NS3,1B,V,55,A,
NS3,1B,V,55,I,
NS3,1B,Y,56,H,
NS3,1B,Q,80,K,
NS3,1B,Q,80,R,
NS3,1B,V,107,I,
NS3,1B,S,122,A,
NS3,1B,S,122,G,
NS3,1B,S,122,R,
NS3,1B,I,132,V,
NS3,1B,R,155,A,
NS3,1B,R,155,C,
NS3,1B,R,155,D,
NS3,1B,R,155,E,
NS3,1B,R,155,F,
NS3,1B,R,155,G,
NS3,1B,R,155,H,
NS3,1B,R,155,I,
NS3,1B,R,155,K,
NS3,1B,R,155,L,
NS3,1B,R,155,M,
NS3,1B,R,155,N,
NS3,1B,R,155,P,
NS3,1B,R,155,Q,
NS3,1B,R,155,S,
NS3,1B,R,155,T,
NS3,1B,R,155,V,
NS3,1B,R,155,W,
NS3,1B,R,155,Y,
NS3,1B,A,156,S,
NS3,1B,A,156,T,
NS3,1B,A,156,V,
NS3,1B,A,156,F,
NS3,1B,A,156,G,
NS3,1B,V,158,I,
NS3,1B,D,168,A,
NS3,1B,D,168,C,
NS3,1B,D,168,E,
NS3,1B,D,168,F,
NS3,1B,D,168,G,
NS3,1B,D,168,H,
NS3,1B,D,168,I,
NS3,1B,D,168,K,
NS3,1B,D,168,L,
NS3,1B,D,168,M,
NS3,1B,D,168,N,
NS3,1B,D,168,P,
NS3,1B,D,168,Q,
NS3,1B,D,168,R,
NS3,1B,D,168,S,
NS3,1B,D,168,T,
NS3,1B,D,168,V,
NS3,1B,D,168,W,
NS3,1B,D,168,Y,
NS3,1B,V,170,A,
NS3,1B,V,170,F,
NS3,1B,V,170,T,
NS3,1B,M,175,L,
NS5a,1A,M,28,T,
NS5a,1A,M,28,V,
NS5a,1A,M,28,A,
NS5a,1A,Q,30,E,
NS5a,1A,Q,30,H,
NS5a,1A,Q,30,R,
NS5a,1A,Q,30,G,
NS5a,1A,Q,30,K,
NS5a,1A,Q,30,L,
NS5a,1A,Q,30,D,
NS5a,1A,L,31,M,
NS5a,1A,L,31,V,
NS5a,1A,L,31,F,
NS5a,1A,H,58,D,
NS5a,1A,Y,93,C,
NS5a,1A,Y,93,H,
NS5a,1A,Y,93,N,
NS5a,1A,Y,93,S,
NS5a,1B,L,28,T,
NS5a,1B,L,28,V,
NS5a,1B,L,28,A,
NS5a,1B,R,30,E,
NS5a,1B,R,30,H,
NS5a,1B,R,30,G,
NS5a,1B,R,30,K,
NS5a,1B,R,30,L,
NS5a,1B,R,30,D,
NS5a,1B,L,31,M,
NS5a,1B,L,31,V,
NS5a,1B,L,31,F,
NS5a,1B,H,58,D,
NS5a,1B,Y,93,C,
NS5a,1B,Y,93,H,
NS5a,1B,Y,93,N,
NS5a,1B,Y,93,S,
NS5b,1A,L,159,F,sofosbuvir
NS5b,1A,S,282,T,sofosbuvir
NS5b,1A,L,320,F,sofosbuvir
NS5b,1B,L,159,F,sofosbuvir
NS5b,1B,S,282,T,sofosbuvir
NS5b,1B,L,320,F,sofosbuvir
NS5b,1A,C,316,Y,dasabuvir
NS5b,1A,M,414,I,dasabuvir
NS5b,1A,M,414,T,dasabuvir
NS5b,1A,E,446,K,dasabuvir
NS5b,1A,E,446,Q,dasabuvir
NS5b,1A,Y,448,C,dasabuvir
NS5b,1A,Y,448,H,dasabuvir
NS5b,1A,A,553,T,dasabuvir
NS5b,1A,G,554,S,dasabuvir
NS5b,1A,S,556,G,dasabuvir
NS5b,1A,S,556,R,dasabuvir
NS5b,1A,Y,561,H,dasabuvir
NS5b,1B,C,316,H,dasabuvir
NS5b,1B,C,316,N,dasabuvir
NS5b,1B,C,316,Y,dasabuvir
NS5b,1B,S,368,T,dasabuvir
NS5b,1B,N,411,S,dasabuvir
NS5b,1B,M,414,I,dasabuvir
NS5b,1B,M,414,T,dasabuvir
NS5b,1B,Y,448,C,dasabuvir
NS5b,1B,Y,448,H,dasabuvir
NS5b,1B,A,553,V,dasabuvir
NS5b,1B,S,556,G,dasabuvir
NS5b,1B,D,559,G,dasabuvir
